sex,birth_month,birth_day,blood_type,astrological_sign,nature_types,affiliations
Naruto Uzumaki,Male,October,10,B,Libra,"['Lava', 'Magnet', 'Boil', 'Wind', 'Lightning', 'Earth', 'Water', 'Fire', 'Lava', 'Magnet', 'Boil', 'Yin', 'Yang', 'Yin–Yang']","['Konohagakure', 'Mount Myōboku', 'Allied Shinobi Forces']"
Sasuke Uchiha,Male,July,23,AB,Leo,"['Lightning', 'Fire', 'Wind', 'Earth', 'Water', 'Yin']","['Konohagakure', 'Otogakure', 'Ryūchi Cave', 'Akatsuki']"
Sakura Haruno,Female,March,28,O,Aries,"['Earth', 'Water', 'Fire', 'Yin', 'Yang']","['Konohagakure', 'Allied Shinobi Forces', 'Shikkotsu Forest']"
Hiruzen Sarutobi,Male,February,8,A,Aquarius,"['Fire', 'Wind', 'Lightning', 'Earth', 'Water', 'Yin', 'Yang']","['Konohagakure', 'Allied Shinobi Forces']"
Iruka,Male,May,26,O,Gemini,"['Fire', 'Water', 'Yin']","['Konohagakure', 'Allied Shinobi Forces']"
Shikamaru Nara,Male,September,22,AB,Virgo,"['Fire', 'Earth', 'Yin']","['Konohagakure', 'Allied Shinobi Forces']"
Ino Yamanaka,Female,September,23,B,Libra,"['Earth', 'Water', 'Fire', 'Yin', 'Yang']","['Konohagakure', 'Allied Shinobi Forces']"
Hinata Hyūga,Female,December,27,A,Capricorn,"['Fire', 'Lightning']","['Konohagakure', 'Allied Shinobi Forces']"
Mizuki,Male,October,21,AB,Libra,"['Earth', 'Yin']","['Konohagakure', 'Otogakure']"
Bekkō,Male,,,,,[],['Konohagakure']
Iwana,Male,,,,,[],['Konohagakure']
Yajirobee,Male,,,,,[],['Konohagakure']
Ibara,Female,,,,,[],['Konohagakure']
Tsubaki (parent),Female,,,,,[],['Konohagakure']
Iruka Umino,Male,May,26,O,Gemini,"['Fire', 'Water', 'Yin']","['Konohagakure', 'Allied Shinobi Forces']"
Konohamaru,Male,December,30,B,Capricorn,"['Fire', 'Wind', 'Lightning', 'Yang']","['Konohagakure', 'Mount Myōboku']"
Ebisu,Male,March,8,A,Pisces,['Fire'],"['Konohagakure', 'Allied Shinobi Forces']"
Genzō,Male,,,,,[],['Konohagakure']
Sexy Technique,,,,,,[],[]
Kakashi Hatake,Male,September,15,O,Virgo,"['Lightning', 'Earth', 'Water', 'Fire', 'Wind', 'Yin', 'Yang']","['Konohagakure', 'Root', 'Allied Shinobi Forces']"
Chōji Akimichi,Male,May,1,B,Taurus,"['Earth', 'Fire', 'Yang']","['Konohagakure', 'Allied Shinobi Forces']"
Kiba Inuzuka,Male,July,7,B,Cancer,"['Earth', 'Yang']","['Konohagakure', 'Allied Shinobi Forces']"
Asuma Sarutobi,Male,October,18,O,Libra,"['Wind', 'Fire']",['Konohagakure']
Kurenai Yūhi,Female,June,11,AB,Gemini,['Yin'],['Konohagakure']
Tobio,Male,,,,,[],['Konohagakure']
Mebuki Haruno,Female,,,,,[],['Konohagakure']
Tazuna,Male,April,5,A,Aries,[],['Land of Waves']
Zabuza Momochi,Male,August,15,A,Leo,['Water'],['Kirigakure']
Gatō,Male,April,30,A,Taurus,[],['Land of Waves']
Meizu,Male,June,6,B,Gemini,['Water'],['Kirigakure']
Madam Shijimi,Female,December,24,O,Capricorn,[],['Land of Fire']
Kaji,Male,,,,,[],['Land of Waves']
Haku,Male,January,9,O,Capricorn,"['Ice', 'Ice', 'Wind', 'Water']",['Kirigakure']
Tsunami,Female,May,4,A,Taurus,[],['Land of Waves']
Inari,Male,December,25,A,Capricorn,[],['Land of Waves']
Waraji,Male,April,6,O,Aries,[],['Land of Waves']
Zōri,Male,December,1,A,Sagittarius,[],['Land of Waves']
Kaiza,Male,August,21,A,Leo,[],['Land of Waves']
Giichi,Male,,,,,[],['Land of Waves']
Akane,Male,,,,,[],['Land of Waves']
Ageha,Female,,,,,[],['Land of Waves']
Haku's mother,Female,,,,,"['Ice', 'Ice', 'Wind', 'Water']",['Land of Water']
Agari,Female,,,,,[],['Land of Waves']
Moegi,Female,June,8,A,Gemini,"['Wood', 'Wood', 'Earth', 'Water']",['Konohagakure']
Udon,Male,April,3,O,Aries,['Water'],['Konohagakure']
Gaara,Male,January,19,AB,Capricorn,"['Magnet', 'Magnet', 'Wind', 'Earth', 'Lightning']","['Sunagakure', 'Allied Shinobi Forces']"
Temari,Female,August,23,O,Virgo,['Wind'],"['Sunagakure', 'Konohagakure', 'Allied Shinobi Forces']"
Kankurō,Male,May,15,B,Taurus,"['Wind', 'Lightning', 'Earth', 'Water']","['Sunagakure', 'Allied Shinobi Forces']"
Rock Lee,Male,November,27,A,Sagittarius,[],"['Konohagakure', 'Allied Shinobi Forces']"
Neji Hyūga,Male,July,3,O,Cancer,"['Fire', 'Earth', 'Water']","['Konohagakure', 'Allied Shinobi Forces']"
Tenten,Female,March,9,B,Pisces,[],"['Konohagakure', 'Allied Shinobi Forces']"
Kotetsu Hagane,Male,July,21,B,Cancer,['Yin'],"['Konohagakure', 'Allied Shinobi Forces']"
Izumo Kamizuki,Male,November,25,A,Sagittarius,['Water'],"['Konohagakure', 'Allied Shinobi Forces']"
Zaku Abumi,Male,September,14,AB,Virgo,[],['Otogakure']
Dosu Kinuta,Male,June,12,A,Gemini,[],['Otogakure']
Might Guy,Male,January,1,B,Capricorn,"['Fire', 'Lightning']","['Konohagakure', 'Allied Shinobi Forces']"
Ningame,Male,,,,,[],['Konohagakure']
Kabuto Yakushi,Male,February,29,AB,Pisces,"['Earth', 'Water', 'Wind', 'Yin', 'Yang']","['Konohagakure', 'Root', 'Konoha Orphanage', 'Otogakure', 'Ryūchi Cave', 'Akatsuki']"
Ibiki Morino,Male,March,20,A,Pisces,[],['Konohagakure']
Shino Aburame,Male,January,23,AB,Aquarius,"['Earth', 'Fire', 'Yang']","['Konohagakure', 'Allied Shinobi Forces']"
Kin Tsuchi,Female,July,6,O,Cancer,['Yin'],['Otogakure']
Tonbo Tobitake,Male,April,4,A,Aries,[],['Konohagakure']
Sukima,Male,,,,,[],['Konohagakure']
Nejiri,Male,,,,,[],['Sunagakure']
Komaza,Male,,,,,[],['Sunagakure']
Anko Mitarashi,Female,October,24,A,Scorpio,"['Fire', 'Yin']","['Konohagakure', 'Ryūchi Cave', 'Allied Shinobi Forces']"
Genin,,,,,,[],[]
Oboro,Male,December,20,A,Sagittarius,"['Earth', 'Yin', 'Water']",['Amegakure']
Team Shiore,Shiore,,,,,[],['Kusagakure']
Shiore,Male,,,,,[],['Kusagakure']
Itachi Uchiha,Male,June,9,AB,Gemini,"['Fire', 'Wind', 'Water', 'Yin', 'Yang']","['Konohagakure', 'Akatsuki']"
Mozuku,Male,,,,,[],"['Konohagakure', 'Allied Shinobi Forces']"
Orochimaru,,October,27,B,Scorpio,"['Wood', 'Wind', 'Lightning', 'Earth', 'Water', 'Fire', 'Wood', 'Yin', 'Yang']","['Konohagakure', 'Root', 'Akatsuki', 'Otogakure', 'Ryūchi Cave']"
Iwashi Tatami,Male,January,2,O,Capricorn,[],"['Konohagakure', 'Allied Shinobi Forces']"
Shigure,Male,February,11,B,Aquarius,[],['Amegakure']
Baiu,Male,May,30,A,Gemini,[],['Amegakure']
Midare,Male,May,7,A,Taurus,[],['Amegakure']
Minoji,Male,,,,,[],['Konohagakure']
Shibire,Male,,,,,[],['Konohagakure']
Tanzō,Male,,,,,[],['Konohagakure']
Yoroi,Male,February,21,O,Pisces,"['Water', 'Yin']","['Konohagakure', 'Otogakure', 'Land of the Sea']"
Mubi,Male,November,15,AB,Scorpio,"['Earth', 'Yin', 'Water']",['Amegakure']
Kagari,Male,November,16,O,Scorpio,"['Earth', 'Yin', 'Water']",['Amegakure']
Hayate Gekkō,Male,November,2,AB,Scorpio,[],['Konohagakure']
Baki,Male,July,4,A,Cancer,['Wind'],['Sunagakure']
Misumi,Male,November,30,A,Sagittarius,['Water'],"['Konohagakure', 'Otogakure', 'Land of the Sea']"
Suzume,Female,October,19,A,Libra,[],['Konohagakure']
Ami,Female,,,,,[],['Konohagakure']
Hiashi Hyūga,Male,January,8,B,Capricorn,[],"['Konohagakure', 'Allied Shinobi Forces']"
Hanabi Hyūga,Female,March,27,A,Aries,[],['Konohagakure']
Jiraiya,Male,November,11,B,Scorpio,"['Fire', 'Wind', 'Earth', 'Water', 'Yin', 'Yang']","['Konohagakure', 'Mount Myōboku']"
Teuchi,Male,August,10,O,Leo,[],['Konohagakure']
Ayame,Female,February,14,O,Aquarius,[],['Konohagakure']
Yūgao Uzuki,Female,November,3,A,Scorpio,[],"['Konohagakure', 'Allied Shinobi Forces']"
Raidō Namiashi,Male,August,28,AB,Virgo,[],"['Konohagakure', 'Allied Shinobi Forces']"
Homura Mitokado,Male,May,8,A,Taurus,[],['Konohagakure']
Koharu Utatane,Female,September,1,A,Virgo,[],['Konohagakure']
Gamabunta,Male,January,3,,Capricorn,['Water'],"['Mount Myōboku', 'Konohagakure']"
Nine-Tailed Fox,,,,,,"['Fire', 'Wind']","['Konohagakure', 'Allied Shinobi Forces']"
Kōji,Male,,,,,[],['Konohagakure']
Matsuri (Konoha),Female,,,,,[],['Konohagakure']
Futaba,Female,,,,,[],['Konohagakure']
Rasa,Male,March,29,A,Aries,"['Magnet', 'Magnet', 'Wind', 'Earth', 'Water', 'Yin']",['Sunagakure']
Genma Shiranui,Male,July,17,A,Cancer,[],"['Konohagakure', 'Allied Shinobi Forces']"
Shikaku Nara,Male,July,15,B,Cancer,['Yin'],"['Konohagakure', 'Allied Shinobi Forces']"
Chōza Akimichi,Male,April,22,B,Taurus,['Yang'],"['Konohagakure', 'Allied Shinobi Forces']"
Inoichi Yamanaka,Male,January,24,AB,Aquarius,['Water'],"['Konohagakure', 'Allied Shinobi Forces']"
Chūnin,,,,,,[],[]
Hizashi Hyūga,Male,January,8,B,Capricorn,[],['Konohagakure']
Hyūga Elder,Male,,,,,[],['Konohagakure']
Daimyō,,,,,,[],[]
Kidōmaru,Male,December,16,A,Sagittarius,[],['Otogakure']
Sakon,Male,June,20,AB,Gemini,[],['Otogakure']
Tayuya,Female,February,15,A,Aquarius,['Yin'],['Otogakure']
Jirōbō,Male,June,26,B,Cancer,['Earth'],['Otogakure']
Pakkun,Male,,,,,[],['Konohagakure']
First Hokage,Male,October,23,B,Scorpio,"['Wood', 'Wood', 'Earth', 'Water', 'Fire', 'Wind', 'Lightning', 'Yin', 'Yang']","['Konohagakure', 'Allied Shinobi Forces']"
Second Hokage,Male,February,19,A,Aquarius,"['Water', 'Fire', 'Wind', 'Lightning', 'Earth', 'Yin', 'Yang']","['Konohagakure', 'Allied Shinobi Forces']"
Zō,Male,,,,,"['Lightning', 'Fire', 'Yin']",['Konohagakure']
Enma,Male,,,,,[],"['Konohagakure', 'Allied Shinobi Forces']"
Shinobu Mibu,Male,,,,,[],['Konohagakure']
Yashamaru,Male,May,23,AB,Gemini,[],['Sunagakure']
Kashike,Male,,,,,[],['Sunagakure']
Gamakichi,Male,April,1,,Aries,"['Water', 'Fire']","['Mount Myōboku', 'Konohagakure', 'Allied Shinobi Forces']"
Shukaku of the Sand,,,,,,"['Magnet', 'Magnet', 'Wind', 'Earth']",['Sunagakure']
Shibi Aburame,Male,September,7,A,Virgo,[],"['Konohagakure', 'Allied Shinobi Forces']"
Tsume Inuzuka,Female,August,12,B,Leo,[],['Konohagakure']
Kuromaru,Male,,,,,[],['Konohagakure']
Sajin,Male,,,,,[],['Sunagakure']
Kisame Hoshigaki,Male,March,18,AB,Pisces,"['Water', 'Fire', 'Wind', 'Earth']","['Kirigakure', 'Akatsuki']"
Tsunade,Female,August,2,B,Leo,"['Lightning', 'Earth', 'Water', 'Fire', 'Yin', 'Yang']","['Konohagakure', 'Shikkotsu Forest', 'Allied Shinobi Forces']"
Fugaku Uchiha,Male,August,16,AB,Leo,"['Fire', 'Yin']",['Konohagakure']
Mikoto Uchiha,Female,June,1,A,Gemini,[],['Konohagakure']
Teyaki Uchiha,Male,,,,,[],['Konohagakure']
Uruchi Uchiha,Female,,,,,[],['Konohagakure']
Shizune,Female,November,18,A,Scorpio,[],"['Konohagakure', 'Allied Shinobi Forces']"
Gantetsu (Iwagakure),Male,,,,,[],"['Iwagakure', 'Land of Fire']"
Chōseki,Male,,,,,[],"['Iwagakure', 'Land of Fire']"
Chōhan,Male,,,,,[],['Land of Fire']
Goshiki,Male,,,,,[],['Land of Fire']
Dan,Male,December,4,A,Sagittarius,"['Fire', 'Wind', 'Earth', 'Yin', 'Yang']",['Konohagakure']
Nawaki,Male,August,9,O,Leo,[],['Konohagakure']
Kunugi Mokume,Male,,,,,[],['Konohagakure']
Dengaku,Male,,,,,[],['Land of Fire']
Gamatatsu,Male,,,,,['Water'],"['Mount Myōboku', 'Konohagakure']"
Manda,Male,,,,,[],"['Ryūchi Cave', 'Otogakure']"
Katsuyu,,May,9,,Taurus,[],"['Shikkotsu Forest', 'Konohagakure', 'Allied Shinobi Forces']"
Jirōchō Wasabi,Male,,,,,[],['Land of Tea']
Senta,Male,,,,,[],['Land of Tea']
Bunzō,Male,,,,,[],['Land of Tea']
Aniki,Male,,,,,[],[]
Moya Triad,Aniki (Anime only),,,,,[],[]
Idate Morino,Male,,,,,[],"['Konohagakure', 'Land of Tea']"
Aoi Rokushō,Male,,,,,['Water'],"['Konohagakure', 'Amegakure']"
Kyūroku Wagarashi,Male,,,,,[],['Land of Tea']
Fukusuke Hikyakuya,Male,,,,,[],['Land of Tea']
Evil Minister of the Tea Daimyō,Male,,,,,[],['Land of Tea']
Tea Daimyō,Male,,,,,[],['Land of Tea']
Yoshino Nara,Female,February,24,A,Pisces,[],['Konohagakure']
Kimimaro,Male,June,15,A,Gemini,[],['Otogakure']
Gen'yūmaru,Male,July,27,B,Leo,[],[]
Hana Inuzuka,Female,April,13,O,Aries,[],"['Konohagakure', 'Allied Shinobi Forces']"
Sakon and Ukon,Male,June,20,AB,Gemini,[],['Otogakure']
Kamatari,Male,,,,,[],['Sunagakure']
Kaguya Clan Patriarch,Male,,,,,[],[]
Inabi Uchiha,Male,,,,,['Fire'],['Konohagakure']
Yashiro Uchiha,Male,,,,,[],['Konohagakure']
Kōta,Male,,,,,[],['Konohagakure']
Sasame,Female,,,,,[],['Land of Sound']
Kamikiri,Male,,,,,[],['Otogakure']
Jigumo,Male,,,,,[],['Otogakure']
Kagerō,Female,,,,,"['Earth', 'Fire']",['Otogakure']
Hanzaki,Male,,,,,[],['Land of Sound']
Kotohime,Female,,,,,[],['Otogakure']
Arashi,Male,,,,,[],['Otogakure']
Fūjin,Male,,,,,[],[]
Raijin,Male,,,,,[],[]
Tsubaki (anime),Female,,,,,[],['Konohagakure']
Suzumebachi,Female,,,,,['Earth'],['Iwagakure']
Kurobachi,Male,,,,,[],['Iwagakure']
Jibachi,Male,,,,,[],['Iwagakure']
Raiga Kurosuki,Male,,,,,"['Lightning', 'Water']",['Kirigakure']
Ranmaru,Male,,,,,['Yin'],"['Kirigakure', 'Land of Rivers']"
Karashi,Male,,,,,[],['Land of Rivers']
Sanshō,Female,,,,,[],['Land of Rivers']
Hachidai,Male,,,,,[],['Land of Rivers']
Sangorō,Male,,,,,[],['Land of Rivers']
Rokusuke,Male,,,,,[],['Land of Rivers']
Sukeza,Male,,,,,[],[]
Sazanami,Male,,,,,[],[]
Gosunkugi,Male,,,,,[],['Land of Stone']
Gatsu,Male,,,,,[],['Land of Stone']
Michizō Manaka,Male,,,,,[],['Land of Stone']
Mondai,Male,,,,,[],[]
Potcha,Male,,,,,[],[]
Chishima,Male,,,,,[],['Land of Birds']
Hōki (Watari),Male,,,,,"['Fire', 'Water', 'Yin']",['Land of Birds']
Kōmei,Male,,,,,[],['Land of Birds']
Sagi,Male,,,,,[],['Land of Birds']
Nagare,Male,,,,,['Earth'],['Land of Birds']
Hokushin,Male,,,,,[],['Land of Birds']
Toki,Female,,,,,[],['Land of Birds']
Sasuke,Male,July,23,AB,Leo,"['Lightning', 'Fire', 'Wind', 'Earth', 'Water', 'Yin']","['Konohagakure', 'Otogakure', 'Ryūchi Cave', 'Akatsuki']"
Hakkaku,Male,,,,,[],['Land of Lightning']
Cooking-nin,,,,,,[],[]
Isaribi,Female,,,,,['Water'],"['Land of the Sea', 'Konohagakure']"
Yoroi Akadō,Male,February,21,O,Pisces,"['Water', 'Yin']","['Konohagakure', 'Otogakure', 'Land of the Sea']"
Misumi Tsurugi,Male,November,30,A,Sagittarius,['Water'],"['Konohagakure', 'Otogakure', 'Land of the Sea']"
Amachi,Male,,,,,['Water'],"['Land of the Sea', 'Otogakure']"
Hitode,Male,,,,,[],['Land of the Sea']
Kunihisa,Male,,,,,[],['Land of Fire']
Kunijirō,Male,,,,,[],[]
Shinayakana,Male,,,,,[],[]
Fukuyokana,Male,,,,,[],[]
Agari Kaisen,Male,,,,,[],[]
Natsuhi,Female,,,,,[],['Hoshigakure']
Sumaru,Male,,,,,[],['Hoshigakure']
Akahoshi,Male,,,,,[],['Hoshigakure']
Hokuto,Female,,,,,[],['Hoshigakure']
Mizura,Male,,,,,[],['Hoshigakure']
Yotaka,Male,,,,,[],['Hoshigakure']
Shisō,Male,,,,,[],['Hoshigakure']
Third Hoshikage,Male,,,,,[],['Hoshigakure']
Hotarubi,Male,,,,,[],['Hoshigakure']
Onbaa,,,,,,[],[]
Tōbei Kagetsu,Male,,,,,[],['Land of Fire']
Kiyoyasu Kagetsu,Male,,,,,[],['Land of Fire']
Tsukiko Kagetsu,Female,,,,,[],['Land of Fire']
Fūta Kagetsu,Male,,,,,[],['Land of Fire']
Mai Kagetsu,Female,,,,,[],['Land of Fire']
Haruna,Female,,,,,[],['Land of Vegetables']
Yurinojō,Male,,,,,['Fire'],['Land of Vegetables']
Kikunojō,Male,,,,,"['Fire', 'Yin']",['Land of Vegetables']
Momiji,Female,,,,,[],['Land of Vegetables']
Renga,Male,,,,,[],['Land of Vegetables']
Jiga,Male,,,,,[],['Land of Vegetables']
Ruiga,Male,,,,,['Water'],['Land of Vegetables']
Chikara,Male,,,,,[],['Land of Noodles']
Nanafushi,Male,,,,,[],['Land of Valleys']
Kayo,Female,,,,,[],"['Land of Honey', 'Land of Bean Jam']"
Yagura (anime),Male,,,,,[],['Konohagakure']
Genshō,Male,,,,,[],[]
Rokkaku,Male,,,,,[],[]
Jakō,Male,,,,,[],[]
Gennō,Male,,,,,['Yin'],['Land of Sand']
Kanna (carpenter),Male,,,,,[],['Konohagakure']
Yakumo Kurama,Female,,,,,['Yin'],['Konohagakure']
Fox-Masked Anbu Member,Male,,,,,[],['Konohagakure']
Unkai,Male,,,,,['Yin'],['Konohagakure']
Murakumo Kurama,Male,,,,,['Yin'],['Konohagakure']
Uroko Kurama,Female,,,,,[],['Konohagakure']
Shin'emon,Male,,,,,[],['Land of Fire']
Gantetsu,Male,,,,,[],[]
Todoroki,Male,,,,,[],['Land of Forests']
Akio,Male,,,,,[],['Land of Forests']
Shura,Male,,,,,[],[]
Monju,Male,,,,,[],[]
Toki (Shinobazu),Male,,,,,[],[]
Tsuzumi,Male,,,,,[],['Land of Forests']
Menma (anime),Male,,,,,['Yin'],"['Konohagakure', 'Land of Sound']"
Fuki (Land of Sound),Female,,,,,[],['Land of Sound']
Shiin,Male,,,,,['Yin'],['Land of Sound']
Mitate,Male,,,,,['Yin'],['Konohagakure']
Nan,Male,,,,,[],['Land of Sound']
Ran,Female,,,,,[],['Land of Sound']
Matsuri,Female,,,,,['Wind'],"['Sunagakure', 'Allied Shinobi Forces']"
Hōki (Takumi),Male,,,,,"['Wind', 'Fire']",['Takumi Village']
Ryūgan,Male,,,,,[],['Takumi Village']
Suiko,Male,,,,,[],['Takumi Village']
Kujaku,Female,,,,,['Wind'],['Takumi Village']
Jōseki,Male,,,,,[],['Sunagakure']
Seimei,Male,,,,,"['Wind', 'Fire']",['Takumi Village']
Deidara,Male,May,5,AB,Taurus,"['Explosion', 'Explosion', 'Earth', 'Lightning']","['Iwagakure', 'Akatsuki']"
Sasori,Male,November,8,AB,Scorpio,[],"['Sunagakure', 'Akatsuki']"
Yūra,Male,October,31,AB,Scorpio,[],"['Sunagakure', 'Akatsuki']"
Sajō,Male,,,,,[],['Sunagakure']
Tsubusa,Male,,,,,[],['Sunagakure']
Yurika,Female,,,,,[],['Konohagakure']
Chiyo,Female,October,15,B,Libra,[],['Sunagakure']
Ebizō,Male,January,6,B,Capricorn,[],['Sunagakure']
Zetsu,,,,,,[],[]
Medical ninja,,,,,,[],[]
Tobi,Male,February,10,O,Aquarius,"['Wood', 'Fire', 'Wind', 'Lightning', 'Earth', 'Water', 'Wood', 'Yin', 'Yang', 'Yin–Yang']","['Konohagakure', 'Akatsuki', 'Kirigakure']"
Sai,Male,November,25,A,Sagittarius,"['Earth', 'Water', 'Fire', 'Yang']","['Konohagakure', 'Root', 'Allied Shinobi Forces']"
Danzō,Male,January,6,AB,Capricorn,"['Wood', 'Wind', 'Earth', 'Water', 'Fire', 'Wood', 'Yin', 'Yang']","['Konohagakure', 'Root']"
Yamato,Male,August,10,A,Leo,"['Wood', 'Wood', 'Earth', 'Water', 'Yang']","['Konohagakure', 'Root', 'Allied Shinobi Forces']"
Hyō,Male,,,,,[],"['Konohagakure', 'Root']"
Kaori,Female,,,,,[],['Konohagakure']
Hiruko,,,,,,[],[]
Shin,Male,September,6,B,Virgo,[],"['Konohagakure', 'Root']"
Fudō,Male,,,,,['Earth'],['Land of Fire']
Fuen,Female,,,,,"['Earth', 'Yin']",['Land of Fire']
Kazuma,Male,,,,,"['Wind', 'Earth']",['Land of Fire']
Sora,Male,,,,,['Wind'],"['Land of Fire', 'Fire Temple']"
Chiriku,Male,July,1,A,Cancer,[],"['Land of Fire', 'Fire Temple']"
Bansai,Male,,,,,[],"['Land of Fire', 'Fire Temple']"
Fūka,Female,,,,,"['Fire', 'Wind', 'Lightning', 'Earth', 'Water']",['Land of Fire']
Tatsuji,Male,,,,,[],['Konohagakure']
Kitane,Male,,,,,['Lightning'],['Land of Fire']
Nauma,Male,,,,,['Lightning'],['Land of Fire']
Seito,Male,,,,,['Lightning'],['Land of Fire']
Tōu,Female,,,,,['Lightning'],['Land of Fire']
Hidan,Male,April,2,B,Aries,[],"['Yugakure', 'Akatsuki']"
Kakuzu,Male,August,15,A,Leo,"['Earth', 'Water', 'Fire', 'Wind', 'Lightning']","['Takigakure', 'Akatsuki']"
Yugito,Female,July,24,A,Leo,['Fire'],['Kumogakure']
Hiruzen,Male,February,8,A,Aquarius,"['Fire', 'Wind', 'Lightning', 'Earth', 'Water', 'Yin', 'Yang']","['Konohagakure', 'Allied Shinobi Forces']"
Konohamaru Sarutobi,Male,December,30,B,Capricorn,"['Fire', 'Wind', 'Lightning', 'Yang']","['Konohagakure', 'Mount Myōboku']"
Sentoki,Male,,,,,[],"['Land of Fire', 'Fire Temple']"
Aoba Yamashiro,Male,September,3,O,Virgo,['Fire'],"['Konohagakure', 'Allied Shinobi Forces']"
Zangei,Male,,,,,[],"['Akatsuki', 'Land of Fire']"
Nagato,Male,September,19,A,Virgo,"['Fire', 'Wind', 'Lightning', 'Earth', 'Water', 'Yang']","['Amegakure', 'Akatsuki']"
Chōji's Mother,Female,,,,,[],['Konohagakure']
Kiba,Male,July,7,B,Cancer,"['Earth', 'Yang']","['Konohagakure', 'Allied Shinobi Forces']"
Hinata,Female,December,27,A,Capricorn,"['Fire', 'Lightning']","['Konohagakure', 'Allied Shinobi Forces']"
Shino,Male,January,23,AB,Aquarius,"['Earth', 'Fire', 'Yang']","['Konohagakure', 'Allied Shinobi Forces']"
Guren,Female,,,,,"['Crystal', 'Crystal', 'Earth']",['Otogakure']
Yūkimaru,Male,,,,,['Water'],['Otogakure']
Ino,Female,September,23,B,Libra,"['Earth', 'Water', 'Fire', 'Yin', 'Yang']","['Konohagakure', 'Allied Shinobi Forces']"
Chōji,Male,May,1,B,Taurus,"['Earth', 'Fire', 'Yang']","['Konohagakure', 'Allied Shinobi Forces']"
Rinji,Male,,,,,[],['Otogakure']
Gozu,Male,,,,,['Earth'],['Otogakure']
Gamariki-san,Male,,,,,"['Water', 'Yin']","['Mount Myōboku', 'Konohagakure']"
Kigiri,Male,,,,,['Fire'],['Otogakure']
Nurari,Male,,,,,['Water'],['Otogakure']
Yūkimaru's Mother,Female,,,,,[],[]
Kihō,Male,,,,,[],['Otogakure']
Akatsuki Leader,Male,September,19,A,Virgo,"['Fire', 'Wind', 'Lightning', 'Earth', 'Water', 'Yang']","['Amegakure', 'Akatsuki']"
Suigetsu,Male,February,18,B,Aquarius,"['Water', 'Wind']","['Kirigakure', 'Otogakure', 'Akatsuki']"
Karin,Female,June,20,AB,Gemini,"['Earth', 'Water', 'Yin', 'Yang']","['Kusagakure', 'Otogakure', 'Akatsuki']"
Tenzen Daikoku,Male,,,,,[],"['Land of Water', 'Land of Waves']"
Tenzen's bodyguard,Male,,,,,[],['Land of Waves']
Jūgo,Male,October,1,AB,Libra,"['Wind', 'Earth', 'Water', 'Yang']","['Otogakure', 'Akatsuki']"
Obito Uchiha,Male,February,10,O,Aquarius,"['Wood', 'Fire', 'Wind', 'Lightning', 'Earth', 'Water', 'Wood', 'Yin', 'Yang', 'Yin–Yang']","['Konohagakure', 'Akatsuki', 'Kirigakure']"
Rin,Female,November,15,A,Scorpio,"['Fire', 'Water', 'Yang']",['Konohagakure']
Minato Namikaze,Male,January,25,B,Aquarius,"['Fire', 'Wind', 'Lightning', 'Yin', 'Yang']","['Konohagakure', 'Mount Myōboku', 'Allied Shinobi Forces']"
Kakkō,Male,July,5,B,Cancer,"['Earth', 'Yin']",['Iwagakure']
Taiseki,Male,March,10,O,Pisces,[],['Iwagakure']
Mahiru,Male,June,18,AB,Gemini,['Earth'],['Iwagakure']
Pain,Male,September,19,A,Virgo,"['Fire', 'Wind', 'Lightning', 'Earth', 'Water', 'Yang']","['Amegakure', 'Akatsuki']"
Nekobaa,Female,,,,,[],[]
Tamaki,Female,,,,,[],['Konohagakure']
Denka,Male,,,,,[],[]
Hina,Female,,,,,[],[]
Ginji,Male,,,,,[],['Akatsuki']
Kyōya,Male,,,,,[],['Akatsuki']
Funari,Male,,,,,[],[]
Shiba,Male,,,,,[],['Konohagakure']
Konan,Female,February,20,O,Pisces,"['Wind', 'Earth', 'Water', 'Yang']","['Amegakure', 'Akatsuki']"
Fukasaku,Male,May,9,,Taurus,"['Wind', 'Water', 'Yin']","['Mount Myōboku', 'Konohagakure']"
Shima,Female,August,26,,Virgo,"['Fire', 'Wind', 'Yin']","['Mount Myōboku', 'Konohagakure']"
Great Toad Sage,Male,March,8,,Pisces,['Water'],"['Mount Myōboku', 'Konohagakure']"
First Animal Path (character),Male,,,,,[],[]
Asura Path (character),Male,,,,,[],[]
Preta Path (character),Male,,,,,[],['Kusagakure']
Human Path (character),Male,,,,,[],['Takigakure']
Naraka Path (character),Male,,,,,[],[]
Yahiko,Male,February,20,O,Pisces,"['Water', 'Fire', 'Wind']","['Amegakure', 'Akatsuki']"
Hanzō of the Salamander,Male,February,12,A,Aquarius,['Fire'],['Amegakure']
Kushina Uzumaki,Female,July,10,B,Cancer,"['Wind', 'Water', 'Yin']","['Uzushiogakure', 'Konohagakure']"
Ryūsui,Male,,,,,[],['Amegakure']
Yūdachi,Male,,,,,[],['Amegakure']
Tezuna,Female,,,,,[],['Amegakure']
Gamaken,Male,October,11,,Libra,[],"['Mount Myōboku', 'Konohagakure']"
Gerotora,Male,,,,,[],"['Mount Myōboku', 'Konohagakure']"
Tekka Uchiha,Male,,,,,['Yin'],['Konohagakure']
Madara Uchiha,Male,December,24,O,Capricorn,"['Wood', 'Storm', 'Fire', 'Wind', 'Lightning', 'Earth', 'Water', 'Wood', 'Storm', 'Yin', 'Yang', 'Yin–Yang']","['Konohagakure', 'Akatsuki']"
Killer B,Male,May,15,B,Taurus,"['Lightning', 'Water', 'Fire', 'Yang']","['Kumogakure', 'Allied Shinobi Forces']"
Kiyoi Yotsuki,Male,,,,,[],['Kumogakure']
J,Male,,,,,[],['Kumogakure']
K,Male,,,,,[],['Kumogakure']
Utakata,Male,June,16,B,Gemini,['Water'],['Kirigakure']
Hotaru,Female,,,,,['Water'],[]
Tonbee,Male,,,,,[],[]
Akaboshi,Male,,,,,['Lightning'],[]
Chūshin,Male,,,,,['Lightning'],[]
Nangō,Male,,,,,"['Earth', 'Lightning']",[]
Benten,Male,,,,,['Lightning'],[]
Tsuchigumo chief,Male,,,,,[],[]
Shiranami,Male,,,,,[],[]
Harusame,Male,,,,,['Water'],['Kirigakure']
Tsurugi,Male,,,,,['Water'],['Kirigakure']
En no Gyōja,Male,,,,,[],[]
A (Fourth Raikage),Male,June,1,A,Gemini,"['Lightning', 'Earth', 'Water']","['Kumogakure', 'Allied Shinobi Forces']"
Mabui,Female,February,1,A,Aquarius,[],"['Kumogakure', 'Allied Shinobi Forces']"
Shiho,Female,June,18,AB,Gemini,[],['Konohagakure']
Mitoku,Male,,,,,[],['Konohagakure']
Samui,Female,January,7,A,Capricorn,[],"['Kumogakure', 'Allied Shinobi Forces']"
Karui,Female,February,14,A,Aquarius,['Lightning'],"['Kumogakure', 'Konohagakure', 'Allied Shinobi Forces']"
Omoi,Male,December,26,AB,Capricorn,['Lightning'],"['Kumogakure', 'Allied Shinobi Forces']"
Kumadori,Male,,,,,[],['Konohagakure']
Kōsuke,Male,,,,,[],"['Mount Myōboku', 'Konohagakure']"
Sakumo Hatake,Male,September,3,O,Virgo,[],['Konohagakure']
Shimon,Male,,,,,[],['Konohagakure']
Ajisai,Female,,,,,[],['Amegakure']
Gamahiro,Male,July,9,,Cancer,[],"['Mount Myōboku', 'Konohagakure']"
Kō Hyūga,Male,,,,,[],"['Konohagakure', 'Allied Shinobi Forces']"
Samidare,Male,,,,,['Water'],['Amegakure']
Suiu,Male,,,,,['Water'],['Amegakure']
Ise,Male,,,,,[],['Amegakure']
Fusō,Female,,,,,[],['Amegakure']
Hibachi,Male,,,,,[],['Konohagakure']
Unagi,Male,,,,,[],['Konohagakure']
Daikoku Funeno,Male,,,,,[],['Konohagakure']
Kohari Umino,Female,,,,,[],['Konohagakure']
Ikkaku Umino,Male,,,,,[],['Konohagakure']
Taki Kunoichi,,,,,,[],['Takigakure']
Fire Daimyō,Male,,,,,[],['Land of Fire']
Naruko,,,,,,[],[]
Dangō,Male,,,,,[],['Land of Fire']
Tsukado,Male,,,,,[],[]
Katazu,Male,,,,,[],[]
Kanabun,Male,,,,,[],[]
Condor,Male,,,,,[],['Konohagakure']
Yaoki,Male,,,,,[],['Sunagakure']
Korobi,Male,,,,,[],['Sunagakure']
Iō,Male,,,,,[],['Konohagakure']
Shōseki,Male,,,,,[],['Konohagakure']
Gameru,Male,,,,,[],[]
Kusune,Male,,,,,[],[]
Furofuki,Female,,,,,[],['Konohagakure']
Tanishi,Male,,,,,[],[]
Yone,Female,,,,,[],[]
Kandachi,Male,,,,,"['Water', 'Yin']",['Amegakure']
Sukune,Male,,,,,[],[]
Nekomata,Male,,,,,['Yin'],[]
Bakeneko,,,,,,[],[]
Kosuke Maruboshi,Male,,,,,"['Water', 'Earth', 'Yin']",['Konohagakure']
Tobirama Senju,Male,February,19,A,Aquarius,"['Water', 'Fire', 'Wind', 'Lightning', 'Earth', 'Yin', 'Yang']","['Konohagakure', 'Allied Shinobi Forces']"
Hayama Shirakumo,Male,,,,,['Wind'],['Konohagakure']
Tekuno Kanden,Male,,,,,[],['Konohagakure']
Iwa Kunoichi,Female,,,,,['Earth'],['Iwagakure']
Hanare,Female,,,,,[],['Jōmae Village']
Jōmae Village Head,Male,,,,,[],['Jōmae Village']
Akamaru,Male,July,7,,Cancer,[],"['Konohagakure', 'Allied Shinobi Forces']"
Sekiei (spectator),Male,,,,,['Earth'],['Kumogakure']
Kisuke,Male,,,,,[],['Konohagakure']
Sabiru,Male,,,,,[],"['Konohagakure', 'Otogakure']"
Jako,Male,,,,,[],[]
Baji,Male,,,,,[],[]
Tōfū,Male,,,,,[],[]
Village Headman,Male,,,,,[],[]
Headman's Granddaughter,Female,,,,,[],[]
Sadai,Male,,,,,['Earth'],[]
Naho,Female,,,,,[],['Land of Fire']
Tokuma,Male,,,,,[],"['Konohagakure', 'Allied Shinobi Forces']"
Fū Yamanaka,Male,August,20,A,Leo,[],"['Konohagakure', 'Root']"
Torune,Male,October,24,O,Scorpio,[],"['Konohagakure', 'Root']"
Terai,Male,,,,,[],"['Konohagakure', 'Root']"
Mei Terumī,Female,May,21,AB,Gemini,"['Lava', 'Boil', 'Lava', 'Boil', 'Water', 'Fire', 'Lightning', 'Earth']","['Kirigakure', 'Allied Shinobi Forces']"
Ao,Male,August,1,A,Leo,"['Water', 'Yin']","['Kirigakure', 'Allied Shinobi Forces', 'Kara']"
Chōjūrō,Male,November,1,B,Scorpio,['Water'],"['Kirigakure', 'Allied Shinobi Forces']"
Ōnoki,Male,October,8,O,Libra,"['Lava', 'Dust', 'Dust', 'Lava', 'Earth', 'Fire', 'Wind', 'Lightning', 'Yang']","['Iwagakure', 'Allied Shinobi Forces']"
Akatsuchi,Male,January,11,B,Capricorn,['Earth'],"['Iwagakure', 'Allied Shinobi Forces']"
Kurotsuchi,Female,September,6,O,Virgo,"['Lava', 'Lava', 'Fire', 'Earth', 'Water', 'Yin']","['Iwagakure', 'Allied Shinobi Forces']"
Danzō Shimura,Male,January,6,AB,Capricorn,"['Wood', 'Wind', 'Earth', 'Water', 'Fire', 'Wood', 'Yin', 'Yang']","['Konohagakure', 'Root']"
Darui,Male,January,6,O,Capricorn,"['Storm', 'Storm', 'Lightning', 'Water', 'Wind']","['Kumogakure', 'Allied Shinobi Forces']"
C,Male,April,3,A,Aries,"['Lightning', 'Yin']","['Kumogakure', 'Allied Shinobi Forces']"
Mifune,Male,April,1,O,Aries,[],"['Land of Iron', 'Allied Shinobi Forces']"
Okisuke,Male,,,,,[],"['Land of Iron', 'Allied Shinobi Forces']"
Urakaku,Male,,,,,[],['Land of Iron']
Samurai,,,,,,[],[]
Eight-Tails,,,,,,[],"['Kumogakure', 'Allied Shinobi Forces']"
Sabu,Male,October,4,O,Libra,[],[]
Kagami Uchiha,Male,,,,,[],['Konohagakure']
Torifu Akimichi,Male,,,,,['Yang'],['Konohagakure']
Lightning Daimyō,Male,,,,,[],['Land of Lightning']
Water Daimyō,Male,,,,,[],['Land of Water']
Wind Daimyō (Part II),Male,,,,,[],['Land of Wind']
Earth Daimyō,Male,,,,,[],['Land of Earth']
Tenga,Male,,,,,[],"['Kumogakure', 'Allied Shinobi Forces']"
Stone Carver,Male,,,,,[],['Konohagakure']
Stone Carver's Assistant,Male,,,,,[],['Konohagakure']
Ranka,Male,,,,,[],"['Konohagakure', 'Allied Shinobi Forces']"
Muta,Male,,,,,[],"['Konohagakure', 'Allied Shinobi Forces']"
Kabure Tokisuki,Male,,,,,[],['Konohagakure']
Yūsuke,Male,,,,,[],['Land of Fire']
Bandō,Male,,,,,['Wind'],['Benisu Island']
Hishaku,Male,,,,,[],[]
Captain of the Ghost Ship,Male,,,,,[],[]
Gataro,Male,,,,,[],[]
Honoka,Female,,,,,[],[]
Ubau,Male,,,,,[],[]
Mozuku (criminal),Male,,,,,[],[]
Banna,Male,,,,,[],['Land of Water']
Iggy,Male,,,,,[],['Land of Water']
Sōta,Male,,,,,[],['Konohagakure']
Shizuka,Female,,,,,['Wind'],['Nadeshiko Village']
Tokiwa,Female,,,,,['Earth'],['Nadeshiko Village']
Former Leader of Nadeshiko Village,Female,,,,,[],['Nadeshiko Village']
Kokuyō (puppeteer),Male,,,,,[],[]
Sagiri,Male,,,,,[],[]
Suika,Male,,,,,['Fire'],['Takigakure']
Iwakyō,Male,,,,,[],['Iwagakure']
Iwaji,Male,,,,,[],['Iwagakure']
Iwazō,Male,,,,,['Earth'],['Iwagakure']
Ūhei,Male,,,,,[],['Konohagakure']
Ganryū,Male,,,,,[],"['Kirigakure', 'Allied Shinobi Forces']"
Kiri (ninja),Male,,,,,[],"['Kirigakure', 'Allied Shinobi Forces']"
Suiren (Kiri),Female,,,,,[],['Kirigakure']
Head Ninja,,,,,,[],[]
Motoi,Male,October,16,B,Libra,['Lightning'],"['Kumogakure', 'Allied Shinobi Forces']"
Hikaru,Male,,,,,[],['Kumogakure']
Third Raikage,Male,August,1,O,Leo,"['Lightning', 'Earth', 'Fire']",['Kumogakure']
Furui,Male,,,,,['Lightning'],['Kumogakure']
Mito Uzumaki,Female,May,3,O,Taurus,[],"['Uzushiogakure', 'Konohagakure']"
Biwako Sarutobi,Female,,,,,[],['Konohagakure']
Taji,Female,,,,,[],['Konohagakure']
Shinku Yūhi,Male,,,,,[],['Konohagakure']
Yagura Karatachi,Male,April,3,AB,Aries,"['Water', 'Wind']",['Kirigakure']
Fuguki Suikazan,Male,February,22,O,Pisces,[],['Kirigakure']
Cypher Division,Kisame Hoshigaki,,,,,[],['Kirigakure']
Kitsuchi,Male,March,22,O,Aries,['Earth'],"['Iwagakure', 'Allied Shinobi Forces']"
Tango,Male,,,,,[],"['Kumogakure', 'Allied Shinobi Forces']"
Hoheto,Male,,,,,[],"['Konohagakure', 'Allied Shinobi Forces']"
Zaji,Male,,,,,[],"['Konohagakure', 'Allied Shinobi Forces']"
Yukata,Female,,,,,['Wind'],"['Sunagakure', 'Allied Shinobi Forces']"
Dan Katō,Male,December,4,A,Sagittarius,"['Fire', 'Wind', 'Earth', 'Yin', 'Yang']",['Konohagakure']
Chūkichi,Male,July,2,AB,Cancer,['Water'],['Kirigakure']
Ittan,Male,,,,,['Earth'],"['Iwagakure', 'Allied Shinobi Forces']"
Maki,Female,,,,,[],"['Sunagakure', 'Allied Shinobi Forces']"
Gari,Male,August,8,AB,Leo,"['Explosion', 'Explosion', 'Earth', 'Lightning']",['Iwagakure']
Pakura,Female,April,9,A,Aries,"['Scorch', 'Scorch', 'Fire', 'Wind']",['Sunagakure']
Shinobi,,,,,,[],[]
Ensui,Male,,,,,['Yin'],"['Konohagakure', 'Allied Shinobi Forces']"
Santa,Male,,,,,[],"['Konohagakure', 'Allied Shinobi Forces']"
Fourth Kazekage,Male,March,29,A,Aries,"['Magnet', 'Magnet', 'Wind', 'Earth', 'Water', 'Yin']",['Sunagakure']
Second Tsuchikage,Male,June,6,O,Gemini,"['Dust', 'Dust', 'Earth', 'Water', 'Fire', 'Wind', 'Lightning', 'Yang']",['Iwagakure']
Second Mizukage,Male,October,26,AB,Scorpio,"['Water', 'Fire', 'Lightning', 'Earth', 'Yin', 'Yang']",['Kirigakure']
Frost Daimyō,Male,,,,,[],['Land of Frost']
Kinkaku,Male,March,7,A,Pisces,[],['Kumogakure']
Ginkaku,Male,April,9,AB,Aries,[],['Kumogakure']
Atsui,Male,August,2,O,Leo,['Fire'],"['Kumogakure', 'Allied Shinobi Forces']"
Kizashi Haruno,Male,,,,,[],['Konohagakure']
Allied Shinobi Forces,,,,,,[],"['Iwagakure', 'Kirigakure', 'Konohagakure', 'Kumogakure', 'Sunagakure', 'Land of Iron']"
Ino's Mother,Female,,,,,[],['Konohagakure']
Watase,Male,,,,,[],['Konohagakure']
Dodai,Male,October,23,O,Scorpio,"['Lava', 'Lava', 'Fire', 'Earth']","['Kumogakure', 'Allied Shinobi Forces']"
Blue B,Male,,,,,['Lightning'],['Kumogakure']
Jinin Akebino,Male,September,25,O,Libra,[],['Kirigakure']
Monga,Male,,,,,['Earth'],"['Iwagakure', 'Allied Shinobi Forces']"
Ruka,Female,,,,,['Water'],"['Kirigakure', 'Allied Shinobi Forces']"
Amai,Male,,,,,[],['Kumogakure']
Karai,Male,,,,,['Lightning'],['Kumogakure']
Nigai,Male,,,,,['Lightning'],['Kumogakure']
Himushi,Male,,,,,[],[]
Nokizaru Group,Himushi,,,,,[],[]
Jinpachi Munashi,Male,July,4,AB,Cancer,[],['Kirigakure']
Kushimaru Kuriarare,Male,November,18,AB,Scorpio,[],['Kirigakure']
Ran (kunoichi),Female,,,,,[],"['Kumogakure', 'Allied Shinobi Forces']"
Ameyuri Ringo,Female,June,7,AB,Gemini,['Lightning'],['Kirigakure']
Nurui,Male,,,,,[],"['Kumogakure', 'Allied Shinobi Forces']"
Kayui,Male,,,,,[],"['Kumogakure', 'Allied Shinobi Forces']"
Yurui (anime),Male,,,,,[],"['Kumogakure', 'Allied Shinobi Forces']"
Dokku,Male,,,,,[],[]
Leo,Male,,,,,[],[]
Miina,Female,,,,,[],[]
Faz,Male,,,,,[],[]
Sora (orphan),Female,,,,,[],[]
Lando,Male,,,,,[],[]
Shiseru,Female,,,,,[],[]
Disonasu,Male,,,,,[],[]
Tonika Village Head,Male,,,,,[],[]
F,Male,,,,,[],"['Kumogakure', 'Allied Shinobi Forces']"
Musai,Male,,,,,[],"['Kumogakure', 'Allied Shinobi Forces']"
Nonota,Male,,,,,[],"['Sunagakure', 'Allied Shinobi Forces']"
Mū,Male,June,6,O,Gemini,"['Dust', 'Dust', 'Earth', 'Water', 'Fire', 'Wind', 'Lightning', 'Yang']",['Iwagakure']
Karura,Female,November,11,B,Scorpio,[],['Sunagakure']
Sealing Team,,,,,,[],['Allied Shinobi Forces']
Sukui,Female,,,,,[],"['Konohagakure', 'Allied Shinobi Forces']"
Yokaze,Male,,,,,[],"['Konohagakure', 'Allied Shinobi Forces']"
Iō (medical-nin),Male,,,,,['Earth'],"['Konohagakure', 'Allied Shinobi Forces']"
Tatewaki,Male,,,,,[],"['Land of Iron', 'Land of This']"
Shū (lord),Male,,,,,[],['Land of That']
Chiyo (princess),Female,,,,,[],"['Land of This', 'Land of That']"
Isono,Male,,,,,[],[]
Tamao,Female,,,,,[],[]
This Daimyō,Male,,,,,[],['Land of This']
Chen,Male,,,,,[],['Konohagakure']
Azami,Female,,,,,[],['Konohagakure']
Yota,Male,,,,,[],[]
Daimaru,Male,,,,,['Earth'],['Sunagakure']
Chūkaku,Male,,,,,[],"['Land of Fire', 'Fire Temple']"
Osoi,Male,,,,,[],['Kumogakure']
Heiji,Male,,,,,[],['Amegakure']
Fukai,Male,,,,,['Lightning'],['Kumogakure']
Komushi,Male,,,,,[],['Sunagakure']
Sasori's father,Male,,,,,[],['Sunagakure']
Yukai,Male,,,,,['Lightning'],['Kumogakure']
Sagan,Male,,,,,[],"['Iwagakure', 'Allied Shinobi Forces']"
Rōshi,Male,June,4,B,Gemini,"['Lava', 'Lava', 'Fire', 'Earth']",['Iwagakure']
Fū,Female,August,8,B,Leo,[],['Takigakure']
Yugito Nii,Female,July,24,A,Leo,['Fire'],['Kumogakure']
Han,Male,May,10,B,Taurus,"['Boil', 'Boil', 'Fire', 'Water']",['Iwagakure']
Kurama,,,,,,"['Fire', 'Wind']","['Konohagakure', 'Allied Shinobi Forces']"
Son Gokū,,,,,,"['Lava', 'Lava', 'Fire', 'Earth']",['Iwagakure']
Five-Tails,,,,,,"['Boil', 'Boil', 'Fire', 'Water']",['Iwagakure']
Hashirama Senju,Male,October,23,B,Scorpio,"['Wood', 'Wood', 'Earth', 'Water', 'Fire', 'Wind', 'Lightning', 'Yin', 'Yang']","['Konohagakure', 'Allied Shinobi Forces']"
Gyūki,,,,,,[],"['Kumogakure', 'Allied Shinobi Forces']"
Matatabi,,,,,,['Fire'],['Kumogakure']
Isobu,,,,,,"['Water', 'Yin']",['Kirigakure']
Kokuō,,,,,,"['Boil', 'Boil', 'Fire', 'Water']",['Iwagakure']
Saiken,,,,,,['Water'],['Kirigakure']
Chōmei,,,,,,[],['Takigakure']
Hagoromo Ōtsutsuki,Male,August,6,,Leo,"['Fire', 'Wind', 'Lightning', 'Earth', 'Water', 'Yin', 'Yang', 'Yin–Yang']","['Land of Ancestors', 'Mount Myōboku']"
Shun,Male,,,,,[],"['Konohagakure', 'Allied Shinobi Forces']"
Natsu,Male,,,,,[],"['Iwagakure', 'Allied Shinobi Forces']"
First Tsuchikage,Male,May,6,O,Taurus,['Earth'],['Iwagakure']
Nonō,Female,March,5,B,Pisces,[],"['Konohagakure', 'Root', 'Konoha Orphanage']"
Kanpu,Male,,,,,[],"['Konohagakure', 'Konoha Orphanage']"
Keiri,Female,,,,,[],"['Konohagakure', 'Konoha Orphanage']"
Urushi,Male,,,,,[],"['Konohagakure', 'Konoha Orphanage', 'Allied Shinobi Forces']"
Terubō,Male,,,,,[],"['Konohagakure', 'Konoha Orphanage']"
Tatsuma Aburame,Male,,,,,[],"['Konohagakure', 'Root']"
Rai Uchiha,Male,,,,,"['Yin', 'Yang']",[]
Baru Uchiha,Male,,,,,"['Yin', 'Yang']",[]
Naka Uchiha,Male,,,,,"['Yin', 'Yang']",['Konohagakure']
Naori Uchiha,Female,,,,,['Yin'],['Konohagakure']
Shisui Uchiha,Male,October,19,A,Libra,"['Fire', 'Wind', 'Lightning', 'Yin']",['Konohagakure']
Kyūsuke,Male,,,,,"['Lava', 'Lava', 'Fire', 'Earth']","['Amegakure', 'Akatsuki']"
Daibutsu,Male,,,,,['Water'],['Akatsuki']
Monjin,Male,,,,,[],"['Amegakure', 'Akatsuki']"
Rin Nohara,Female,November,15,A,Scorpio,"['Fire', 'Water', 'Yang']",['Konohagakure']
Kinoe,Male,August,10,A,Leo,"['Wood', 'Wood', 'Earth', 'Water', 'Yang']","['Konohagakure', 'Root', 'Allied Shinobi Forces']"
Monkey King: Enma,Male,,,,,[],"['Konohagakure', 'Allied Shinobi Forces']"
Yukimi,Female,,,,,[],['Land of Fire']
Gotta,Male,,,,,[],['Land of Fire']
Kinoto,Male,,,,,[],"['Konohagakure', 'Root']"
Hinoe,Male,,,,,[],"['Konohagakure', 'Root']"
Hinoto,Female,,,,,[],"['Konohagakure', 'Root']"
Butsuma Senju,Male,January,16,AB,Capricorn,[],[]
Itama Senju,Male,,,,,[],[]
Tajima Uchiha,Male,March,28,A,Aries,[],[]
Izuna Uchiha,Male,February,10,O,Aquarius,"['Fire', 'Yin']",[]
Aoda,Male,October,1,,Libra,[],"['Ryūchi Cave', 'Konohagakure']"
Shukaku,,,,,,"['Magnet', 'Magnet', 'Wind', 'Earth']",['Sunagakure']
Natsu Hyūga,Female,,,,,[],['Konohagakure']
Genji,Male,,,,,[],['Kirigakure']
Kegon,Male,,,,,['Water'],['Takigakure']
Yōrō,Male,,,,,[],['Takigakure']
Shibuki,Male,,,,,['Water'],['Takigakure']
Suiren,Female,,,,,['Water'],['Amegakure']
Mikoshi,Male,,,,,[],['Sunagakure']
Sajin (Genin),Male,,,,,[],['Sunagakure']
Mujin,Male,,,,,[],['Sunagakure']
Mijin,Male,,,,,[],['Sunagakure']
Shira,Male,,,,,[],['Sunagakure']
Komugi,Male,,,,,[],['Konohagakure']
Gennai,Male,,,,,['Fire'],['Konohagakure']
Inaho,Female,,,,,[],['Konohagakure']
Kazami,Male,,,,,['Wind'],['Kusagakure']
Muyami,Male,,,,,['Earth'],['Kusagakure']
Burami,Male,,,,,[],['Kusagakure']
Ameno,Female,,,,,['Water'],['Sunagakure']
Yome,Female,,,,,[],['Sunagakure']
Sen,Female,,,,,['Yin'],['Sunagakure']
Fuyō,Female,,,,,[],['Amegakure']
Kōji (Suna),Male,,,,,[],['Sunagakure']
Shishio,Male,,,,,[],['Sunagakure']
Saya,Female,,,,,[],['Sunagakure']
Mamushi,Male,,,,,[],['Sunagakure']
Sana,Female,,,,,[],['Sunagakure']
Fugi,Male,,,,,[],['Sunagakure']
Hōichi,Male,,,,,[],['Sunagakure']
Suna Exploration Group,,,,,,[],['Sunagakure']
Obito's Grandmother,Female,,,,,[],['Konohagakure']
Might Duy,Male,December,10,B,Sagittarius,[],['Konohagakure']
Black Zetsu,,,,,,"['Wood', 'Wood', 'Earth', 'Water', 'Fire', 'Wind', 'Lightning', 'Yin', 'Yang']",['Akatsuki']
Menma Namikaze,Male,October,10,B,Libra,[],['Konohagakure']
White Zetsu Army,,,,,,[],['Akatsuki']
Zōsui,Male,,,,,[],['Kusagakure']
Karin's Mother,Female,,,,,[],['Kusagakure']
Iroha (Genin),Male,,,,,[],['Konohagakure']
Ashitaba,Male,,,,,[],[]
Komichi,Male,,,,,[],[]
Kaya,Female,,,,,[],[]
Taiko Uchiha,Male,,,,,[],['Konohagakure']
Uchiha,,,,,,[],['Konohagakure']
Izumi,Female,,,,,[],['Konohagakure']
Saisu Kamano,Male,,,,,[],['Konohagakure']
Dokan,Male,,,,,[],['Konohagakure']
Academy Students,,,,,,[],[]
Yūki Minazuki,Male,,,,,[],['Konohagakure']
Tenma Izumo,Male,,,,,['Yin'],['Konohagakure']
Shinko Inari,Female,,,,,[],['Konohagakure']
Ninneko,,,,,,[],[]
Root,Danzō Shimura,,,,,[],['Konohagakure']
Eagle-Masked Anbu Member,Male,,,,,['Water'],['Konohagakure']
Jōnin,,,,,,[],[]
Jūzō Biwa,Male,,,,,['Water'],"['Kirigakure', 'Akatsuki']"
Kisame,Male,March,18,AB,Pisces,"['Water', 'Fire', 'Wind', 'Earth']","['Kirigakure', 'Akatsuki']"
Third Kazekage,Male,,,,,"['Magnet', 'Magnet', 'Wind', 'Earth']",['Sunagakure']
Kaguya Ōtsutsuki,Female,August,15,,Leo,"['Fire', 'Wind', 'Lightning', 'Earth', 'Water', 'Yin', 'Yang', 'Yin–Yang']",['Land of Ancestors']
Tenji,Male,,,,,[],['Land of Ancestors']
Aino,Female,,,,,[],['Land of Ancestors']
Suzaku (minister),Male,,,,,[],['Land of That']
Genbu (minister),Male,,,,,[],['Land of That']
Hamura Ōtsutsuki,Male,August,6,,Leo,"['Fire', 'Wind', 'Lightning', 'Earth', 'Water', 'Yin', 'Yang', 'Yin–Yang']","['Land of Ancestors', 'Mount Myōboku']"
Gamamaru,Male,March,8,,Pisces,['Water'],"['Mount Myōboku', 'Konohagakure']"
Haori,Female,,,,,[],['Land of Ancestors']
Futami,Male,,,,,[],['Land of Ancestors']
Mitsuo,Male,,,,,[],[]
Asura,Male,June,8,,Gemini,"['Wood', 'Wood', 'Wind', 'Lightning', 'Earth', 'Water', 'Fire', 'Yin', 'Yang', 'Yin–Yang']",['Land of Ancestors']
Indra,Male,January,4,,Capricorn,"['Fire', 'Lightning', 'Yin']",['Land of Ancestors']
Taizō,Male,,,,,[],['Land of Ancestors']
Kanna,Female,,,,,[],['Land of Ancestors']
A (First Raikage),Male,December,1,O,Sagittarius,[],['Kumogakure']
Reto,Male,June,27,A,Cancer,[],['Sunagakure']
Byakuren,Male,January,20,B,Aquarius,[],['Kirigakure']
Ishikawa,Male,May,6,O,Taurus,['Earth'],['Iwagakure']
Chino,Female,,,,,"['Water', 'Yin']","['Land of Hot Water', 'Kirigakure']"
Nowaki,Male,,,,,"['Typhoon', 'Typhoon', 'Wind']","['Land of Water', 'Kirigakure']"
Fūshin,Male,,,,,"['Typhoon', 'Typhoon', 'Wind']","['Land of Water', 'Kirigakure']"
Iō (Bamboo Village),Male,,,,,[],[]
En Oyashiro,Male,,,,,[],['Land of Hot Water']
Futsu,Male,,,,,"['Boil', 'Boil', 'Fire', 'Water']","['Kumogakure', 'Konohagakure']"
Himeyuri,Female,,,,,[],[]
Raimei,Male,,,,,['Lightning'],[]
Karyū,Male,,,,,"['Lava', 'Lava', 'Fire', 'Earth']","['Land of Lightning', 'Kirigakure']"
Makibi,Male,,,,,[],[]
Amino,Female,,,,,[],[]
Rō,Male,,,,,[],['Konohagakure']
Soku,Female,,,,,[],['Konohagakure']
Kurenai,Female,June,11,AB,Gemini,['Yin'],['Konohagakure']
Mirai,Female,,,,,"['Wind', 'Fire', 'Lightning', 'Yin']",['Konohagakure']
Yurito,Male,,,,,[],['Konohagakure']
Gengo,Male,,,,,['Yin'],['Kirigakure']
Komori,Male,,,,,[],[]
Enlightened Ones,Gengo,,,,,[],[]
Minoichi,Male,,,,,[],"['Konohagakure', 'Allied Shinobi Forces']"
Sadoru,Female,,,,,[],['Konohagakure']
Tsukune,Male,,,,,[],['Konohagakure']
Sansho,Male,,,,,[],['Konohagakure']
Mibuna,Female,,,,,[],['Konohagakure']
Beekeeper,,,,,,[],['Iwagakure']
Momo (ninneko),Male,,,,,[],[]
Boruto Uzumaki,Male,March,27,,Aries,"['Lightning', 'Wind', 'Water']","['Konohagakure', 'Ryūchi Cave']"
Sarada Uchiha,Female,March,31,,Aries,"['Lightning', 'Fire', 'Wind', 'Yin']",['Konohagakure']
Shikadai Nara,Male,September,23,,Libra,"['Wind', 'Yin']",['Konohagakure']
Chōchō Akimichi,Female,August,8,,Leo,"['Lightning', 'Yang']",['Konohagakure']
Hinata Uzumaki,Female,December,27,A,Capricorn,"['Fire', 'Lightning']","['Konohagakure', 'Allied Shinobi Forces']"
Himawari Uzumaki,Female,,,,,[],['Konohagakure']
Denki Kaminarimon,Male,,,,,['Lightning'],['Konohagakure']
Wasabi Izuno,Female,,,,,[],['Konohagakure']
Namida Suzumeno,Female,,,,,['Water'],['Konohagakure']
Ereki Kaminarimon,Male,,,,,[],"['Konohagakure', 'Allied Shinobi Forces']"
Inojin Yamanaka,Male,December,5,,Sagittarius,[],['Konohagakure']
Sumire Kakei,Female,June,12,,Gemini,['Water'],['Konohagakure']
Iwabee Yuino,Male,,,,,['Earth'],['Konohagakure']
Kuwa Yokohori,Male,,,,,[],['Konohagakure']
JJ,Male,,,,,[],['Konohagakure']
Dōshu Goetsu,Male,,,,,[],['Konohagakure']
Renga Kokubō,Male,,,,,[],['Konohagakure']
Metal Lee,Male,,,,,[],['Konohagakure']
Temari Nara,Female,August,23,O,Virgo,['Wind'],"['Sunagakure', 'Konohagakure', 'Allied Shinobi Forces']"
Tsuru Itoi,Female,,,,,[],['Konohagakure']
Enko Onikuma,Female,,,,,[],['Konohagakure']
Gamagorō,Male,,,,,[],"['Mount Myōboku', 'Konohagakure']"
Mitsuki,Male,July,25,,Leo,"['Wind', 'Lightning']","['Otogakure', 'Ryūchi Cave', 'Konohagakure']"
Kurenai Sarutobi,Female,June,11,AB,Gemini,['Yin'],['Konohagakure']
Magire Kakuremino,Male,,,,,[],['Konohagakure']
Kagemasa,Male,,,,,[],[]
Toneri Ōtsutsuki,Male,,,,,"['Fire', 'Wind', 'Lightning', 'Earth', 'Water', 'Yin', 'Yang', 'Yin–Yang']",[]
Komame,Male,,,,,[],['Konohagakure']
Tayori,Male,,,,,[],['Konohagakure']
Sai Yamanaka,Male,November,25,A,Sagittarius,"['Earth', 'Water', 'Fire', 'Yang']","['Konohagakure', 'Root', 'Allied Shinobi Forces']"
Suigetsu Hōzuki,Male,February,18,B,Aquarius,"['Water', 'Wind']","['Kirigakure', 'Otogakure', 'Akatsuki']"
Gen Katsugi,Male,,,,,[],['Konohagakure']
Sayū Jōge,Male,,,,,[],['Konohagakure']
Nue,,,,,,"['Wood', 'Wood', 'Earth', 'Water']",['Konohagakure']
Tanuki Shigaraki,Male,,,,,[],"['Konohagakure', 'Root']"
Momoshiki Ōtsutsuki,Male,,,,,"['Wood', 'Wind', 'Lightning', 'Earth', 'Water', 'Fire', 'Yin', 'Wood']",[]
Kinshiki Ōtsutsuki,Male,,,,,['Lightning'],[]
Sakura Uchiha,Female,March,28,O,Aries,"['Earth', 'Water', 'Fire', 'Yin', 'Yang']","['Konohagakure', 'Allied Shinobi Forces', 'Shikkotsu Forest']"
Karui Akimichi,Female,February,14,A,Aquarius,['Lightning'],"['Kumogakure', 'Konohagakure', 'Allied Shinobi Forces']"
Shin Uchiha,Male,,,,,[],"['Otogakure', 'Akatsuki']"
Shin Uchiha (Clones),Shin Uchiha,,,,,[],"['Akatsuki', 'Konohagakure', 'Konoha Orphanage']"
Kagura Karatachi,Male,,,,,['Water'],['Kirigakure']
Shizuma,Male,,,,,['Water'],['Kirigakure']
Hassaku,Male,,,,,[],['Kirigakure']
Shizuma Hoshigaki,Male,,,,,['Water'],['Kirigakure']
Tsurushi Hachiya,Male,,,,,['Water'],['Kirigakure']
Buntan Kurosuki,Female,,,,,['Lightning'],['Kirigakure']
Hassaku Onomichi,Male,,,,,[],['Kirigakure']
Hebiichigo,Female,,,,,[],['Kirigakure']
Ichirōta Oniyuzu,Male,,,,,[],['Kirigakure']
Kyohō Fuefuki,Male,,,,,[],['Kirigakure']
Gongorō Kamakura,Male,,,,,[],[]
Sukea,Male,September,15,O,Virgo,"['Lightning', 'Earth', 'Water', 'Fire', 'Wind', 'Yin', 'Yang']","['Konohagakure', 'Root', 'Allied Shinobi Forces']"
Nitora Take,Female,,,,,[],['Konohagakure']
Hōki Taketori,Male,,,,,['Earth'],['Konohagakure']
Hako Kuroi,Female,,,,,[],['Konohagakure']
Mirai Sarutobi,Female,,,,,"['Wind', 'Fire', 'Lightning', 'Yin']",['Konohagakure']
Kiri (villager),Female,,,,,[],[]
Matsuba,Male,,,,,[],[]
Hidari,Male,,,,,['Earth'],[]
Ashimaru,Male,,,,,[],[]
Iori,Male,,,,,[],[]
Tofu,Male,,,,,[],[]
Haguruma,Male,,,,,[],['Konohagakure']
Kōtarō Fūma,Male,,,,,[],['Konohagakure']
Suika Kannonji,Female,,,,,[],['Konohagakure']
Katasuke Tōno,Male,March,4,,Pisces,[],['Konohagakure']
Ryōgi,Male,,,,,"['Ice', 'Ice', 'Wind', 'Water']",['Land of Snow']
Gekkō,Male,,,,,['Yin'],['Land of Snow']
Udon Ise,Male,April,3,O,Aries,['Water'],['Konohagakure']
Oko,Male,,,,,['Fire'],['Land of Snow']
Denki's Father,Male,,,,,[],"['Konohagakure', 'Allied Shinobi Forces']"
Moegi Kazamatsuri,Female,June,8,A,Gemini,"['Wood', 'Wood', 'Earth', 'Water']",['Konohagakure']
Urashiki Ōtsutsuki,Male,,,,,"['Wind', 'Lightning', 'Earth', 'Fire', 'Yin']",[]
Shinki,Male,,,,,"['Magnet', 'Magnet', 'Wind', 'Earth', 'Lightning']",['Sunagakure']
Araya,Male,March,13,,Pisces,[],['Sunagakure']
Yodo,Female,December,1,,Sagittarius,[],['Sunagakure']
Yurui,Male,,,,,[],['Kumogakure']
Tarui,Female,,,,,[],['Kumogakure']
Toroi (Genin),Male,,,,,['Lightning'],['Kumogakure']
Three Senka Brothers,Makinami Senka,,,,,[],['Kirigakure']
Sekki,Male,,,,,['Earth'],['Iwagakure']
Kōsuke (Scientist),Male,,,,,[],['Konohagakure']
Tomaru,Male,,,,,[],['Konohagakure']
Ashina,Female,,,,,[],['Konohagakure']
Uō,Male,,,,,['Wind'],['Konohagakure']
Saō,Male,,,,,['Water'],['Konohagakure']
Kokuyō,Male,,,,,[],['Iwagakure']
Tagitsuhime,Female,,,,,['Yin'],['Ryūchi Cave']
Tagorihime,Female,,,,,['Yin'],['Ryūchi Cave']
Ichikishimahime,Female,,,,,['Yin'],['Ryūchi Cave']
White Snake Sage,Female,April,6,,Aries,['Yin'],['Ryūchi Cave']
Garaga,Male,,,,,[],"['Ryūchi Cave', 'Konohagakure']"
Sekiei,Male,,,,,"['Explosion', 'Explosion', 'Earth', 'Lightning']",['Iwagakure']
Kirara,Female,,,,,['Yin'],['Iwagakure']
Kontsuchi,Male,,,,,[],['Iwagakure']
Kū,Male,,,,,"['Dust', 'Dust', 'Earth', 'Fire', 'Wind']",['Iwagakure']
Kakō,Male,,,,,"['Dust', 'Dust', 'Earth', 'Fire', 'Wind']",['Iwagakure']
Iwa Doctor,Male,,,,,[],"['Iwagakure', 'Kara']"
Akuta,,,,,,[],[]
Kūi Dōtonbori,Male,,,,,[],[]
Daore Dōtonbori,Male,,,,,[],[]
Ankorodō Shop Owner,Female,,,,,['Earth'],['Konohagakure']
Garakuta Gang Leader,Male,,,,,['Earth'],[]
Enchū Nara,Male,,,,,[],['Konohagakure']
Tosaka,Male,,,,,[],[]
Momo,Male,,,,,[],['Land of Rivers']
Sasami,Female,,,,,[],['Land of Rivers']
Nezumi Kaitō,Male,,,,,[],['Konohagakure']
Mikazuki,,,,,,[],['Konohagakure']
Tatsumi,Female,,,,,[],[]
Ryūki,Male,,,,,[],[]
Tonsuke,Male,,,,,[],[]
Remon Yoimura,Female,,,,,[],[]
Kankitsu Akitsuki,Male,,,,,[],[]
Asaki,Female,,,,,[],[]
Enra,Male,,,,,[],['Konohagakure']
Sōma,,,,,,[],[]
Isago (anime),Female,,,,,[],['Land of Wind']
Gojō,Male,,,,,[],['Land of Wind']
Kūi,Male,,,,,[],[]
Daore,Male,,,,,[],[]
Karasuki,,,,,,[],[]
Tsubaki Kurogane,Female,,,,,[],"['Land of Iron', 'Konohagakure']"
Gatai,Male,,,,,['Lightning'],['Kumogakure']
Mujō,Male,,,,,['Fire'],['Kusagakure']
Kokuri,Male,,,,,[],[]
Tsukiyo,Male,,,,,['Lightning'],[]
Arai,Male,,,,,[],[]
Kamata,Male,,,,,[],[]
Benga,Male,,,,,['Fire'],['Kusagakure']
Haie,Male,,,,,[],['Kusagakure']
Doragu,Male,,,,,[],[]
Kedama,Male,,,,,[],[]
Kiku,Male,,,,,[],[]
Shojoji,Male,,,,,"['Wind', 'Lightning']",[]
Tentō Madoka,Male,,,,,[],['Land of Fire']
Ikkyū Madoka,Male,,,,,[],['Land of Fire']
Yamaoka,Male,,,,,[],['Land of Fire']
Ehō Norimaki,Male,,,,,[],['Konohagakure']
Yuina Itomaki,Female,,,,,[],['Konohagakure']
Samidare Amaashi,Male,,,,,['Water'],[]
Kaneki,Male,,,,,[],[]
Garashi Tōno,Male,,,,,[],"['Amegakure', 'Kara']"
Jigen,Male,,,,,[],['Kara']
Mugino,Male,,,,,['Earth'],['Konohagakure']
Victor,Male,,,,,"['Wind', 'Lightning', 'Earth', 'Water', 'Fire', 'Yin']","['Kara', 'Allied Shinobi Forces', 'Land of Valleys']"
Deepa,Male,,,,,['Yin'],['Kara']
Anato,Male,,,,,[],['Land of Valleys']
Mia,Female,,,,,[],['Land of Valleys']
Yubina,Female,,,,,[],['Land of Valleys']
Kirisaki,Male,,,,,[],['Kirigakure']
Katara,Male,,,,,[],[]
Haze Quadruplets,Asaka,,,,,[],['Land of Haze']
Asaka,Male,,,,,['Water'],['Land of Haze']
Hiruga,Male,,,,,['Water'],['Land of Haze']
Yūga,Male,,,,,[],['Land of Haze']
Sakuya,Female,,,,,[],[]
Kona,Female,,,,,[],[]
Kakui,Male,,,,,['Lightning'],['Kumogakure']
Marui,Male,,,,,['Lightning'],['Kumogakure']
Yoruga,Male,,,,,[],['Land of Haze']
Victor's Secretary,Female,,,,,[],"['Land of Valleys', 'Kara']"
Log,Male,,,,,[],['Otogakure']
Nattō Itohiki,Male,,,,,[],['Konohagakure']
Valleys Daimyō,Male,,,,,[],['Land of Valleys']
Kohan Yamanaka,Male,,,,,[],['Konohagakure']
Hyōi Yorishiro,Male,,,,,[],[]
Mokume Arai,Male,,,,,[],['Konohagakure']
Amado,Male,,,,,['Yin'],"['Kara', 'Konohagakure']"
Delta,Female,,,,,['Yin'],"['Kara', 'Konohagakure']"
Koji Kashin,Male,,,,,"['Fire', 'Earth', 'Yin']","['Kara', 'Mount Myōboku']"
Boro,Male,,,,,"['Lava', 'Lava', 'Fire', 'Earth', 'Water', 'Yin']",['Kara']
Code,Male,,,,,['Yin'],['Kara']
Akita Inuzuka,Female,April,20,,Aries,[],['Konohagakure']
Kawaki,Male,,,,,['Fire'],"['Kara', 'Konohagakure']"
Garō,Male,,,,,[],['Kara']
Kokatsu,Male,,,,,[],['Allied Shinobi Forces']
Inori,Female,,,,,[],[]
Kokushi,Male,,,,,[],[]
Kanchi,Male,,,,,[],[]
Inori's Brother,Male,,,,,['Water'],[]
Tasuki,Male,,,,,[],['Konohagakure']
Nishi (sensor),Male,,,,,[],['Konohagakure']
Akari,Female,,,,,[],[]
Tsuzumi (cultist),Male,,,,,[],[]
Shirabe,Male,,,,,[],[]
Isshiki Ōtsutsuki,Male,,,,,"['Yin', 'Fire']",['Kara']
Kaito Kawanami,Male,,,,,[],['Konohagakure']
Amagi Izuno,Female,,,,,[],['Konohagakure']
Daruma Izuno,Male,,,,,[],['Konohagakure']
Mazuma Izuno,Female,,,,,[],['Konohagakure']
Hyōgo,Male,,,,,[],['Kusagakure']
Kuma Panda,,,,,,[],['Land of Fire']
Mozuku (Land of Calm Seas),Male,,,,,[],['Land of Calm Seas']
Kurobane,Male,,,,,"['Water', 'Yin']",['Land of Calm Seas']
Jujumaru,Male,,,,,[],['Land of Calm Seas']
Aosa,Male,,,,,[],['Land of Calm Seas']
Sazanka,Male,,,,,[],['Land of Iron']
Ōnami,,,,,,[],['Land of Water']
Tatsunami,Male,,,,,['Water'],['Land of Water']
Sakanami,Male,,,,,[],['Land of Water']
Sanzui Unabara,Male,,,,,[],['Land of Water']
Awaji Unabara,Male,,,,,[],['Land of Water']
Tekkan,Male,,,,,[],['Land of Lightning']
Isari Funato,Male,,,,,['Water'],['Land of Water']
Jibiki,Male,,,,,['Water'],['Land of Water']
Misuno,Female,,,,,[],['Kirigakure']
Taiki,Male,,,,,[],['Land of Water']
Araumi Funato,Male,,,,,['Water'],['Land of Water']
Tenma Funato,Male,,,,,['Water'],['Land of Water']
Kobasoza,Male,,,,,['Water'],['Land of Water']
Seiren Funato,Female,,,,,[],['Land of Water']
Kajiki,Male,,,,,[],['Land of Water']
Ikada,Male,,,,,[],['Land of Water']
Funamushi,Male,,,,,['Water'],['Land of Water']
Ikada Funato,Male,,,,,[],['Land of Water']
Iwana (citizen),Male,,,,,[],['Land of Water']
Yamame (citizen),Male,,,,,[],['Land of Water']
